[ {
  "uid" : "ac1304c878146c5c",
  "name" : "test_param[test_pass_168]",
  "time" : {
    "start" : 1606895833244,
    "stop" : 1606895833248,
    "duration" : 4
  },
  "status" : "passed",
  "severity" : "normal"
}, {
  "uid" : "ca25e58cdbc86574",
  "name" : "test_param[test_pass_65]",
  "time" : {
    "start" : 1606895833156,
    "stop" : 1606895833160,
    "duration" : 4
  },
  "status" : "passed",
  "severity" : "normal"
}, {
  "uid" : "38e1c73c6de6ee73",
  "name" : "test_param[test_pass_139]",
  "time" : {
    "start" : 1606895833206,
    "stop" : 1606895833209,
    "duration" : 3
  },
  "status" : "passed",
  "severity" : "normal"
}, {
  "uid" : "892d12c08c7ddb66",
  "name" : "test_param[test_pass_214]",
  "time" : {
    "start" : 1606895833278,
    "stop" : 1606895833282,
    "duration" : 4
  },
  "status" : "passed",
  "severity" : "normal"
}, {
  "uid" : "32412d8392b6fe78",
  "name" : "test_param[test_pass_94]",
  "time" : {
    "start" : 1606895833180,
    "stop" : 1606895833182,
    "duration" : 2
  },
  "status" : "passed",
  "severity" : "normal"
}, {
  "uid" : "8e321d9c64adb140",
  "name" : "test_param[test_pass_36]",
  "time" : {
    "start" : 1606895833138,
    "stop" : 1606895833140,
    "duration" : 2
  },
  "status" : "passed",
  "severity" : "normal"
} ]