{
  "total" : 2,
  "items" : [ {
    "uid" : "75c4a28b20abc8a1316a8523905b9fba",
    "name" : "example.suites",
    "statistic" : {
      "failed" : 0,
      "broken" : 0,
      "skipped" : 0,
      "passed" : 3,
      "unknown" : 0,
      "total" : 3
    }
  }, {
    "uid" : "4f2f99dfa26c9b9603c0237cb1595779",
    "name" : "example.suites.subdir.subdir2",
    "statistic" : {
      "failed" : 0,
      "broken" : 0,
      "skipped" : 0,
      "passed" : 3,
      "unknown" : 0,
      "total" : 3
    }
  } ]
}