{
  "a6e5bfb8482d2b8d560795b5e64db4e5" : {
    "statistic" : {
      "failed" : 0,
      "broken" : 0,
      "skipped" : 0,
      "passed" : 1,
      "unknown" : 0,
      "total" : 1
    },
    "items" : [ {
      "uid" : "ac1304c878146c5c",
      "status" : "passed",
      "time" : {
        "start" : 1606895833244,
        "stop" : 1606895833248,
        "duration" : 4
      }
    } ]
  },
  "ea25d5f68e7ac94e1f6f504667f29a76" : {
    "statistic" : {
      "failed" : 0,
      "broken" : 0,
      "skipped" : 0,
      "passed" : 1,
      "unknown" : 0,
      "total" : 1
    },
    "items" : [ {
      "uid" : "32412d8392b6fe78",
      "status" : "passed",
      "time" : {
        "start" : 1606895833180,
        "stop" : 1606895833182,
        "duration" : 2
      }
    } ]
  },
  "5fa3a46df1e6f743825a8f651775b24c" : {
    "statistic" : {
      "failed" : 0,
      "broken" : 0,
      "skipped" : 0,
      "passed" : 1,
      "unknown" : 0,
      "total" : 1
    },
    "items" : [ {
      "uid" : "8e321d9c64adb140",
      "status" : "passed",
      "time" : {
        "start" : 1606895833138,
        "stop" : 1606895833140,
        "duration" : 2
      }
    } ]
  },
  "c0d088989a06f57e3135cc4fb07a1762" : {
    "statistic" : {
      "failed" : 0,
      "broken" : 0,
      "skipped" : 0,
      "passed" : 1,
      "unknown" : 0,
      "total" : 1
    },
    "items" : [ {
      "uid" : "38e1c73c6de6ee73",
      "status" : "passed",
      "time" : {
        "start" : 1606895833206,
        "stop" : 1606895833209,
        "duration" : 3
      }
    } ]
  },
  "27e508040077bda0171ba776dbb20e7b" : {
    "statistic" : {
      "failed" : 0,
      "broken" : 0,
      "skipped" : 0,
      "passed" : 1,
      "unknown" : 0,
      "total" : 1
    },
    "items" : [ {
      "uid" : "ca25e58cdbc86574",
      "status" : "passed",
      "time" : {
        "start" : 1606895833156,
        "stop" : 1606895833160,
        "duration" : 4
      }
    } ]
  },
  "11e906883a511f50c23489143e96aa64" : {
    "statistic" : {
      "failed" : 0,
      "broken" : 0,
      "skipped" : 0,
      "passed" : 1,
      "unknown" : 0,
      "total" : 1
    },
    "items" : [ {
      "uid" : "892d12c08c7ddb66",
      "status" : "passed",
      "time" : {
        "start" : 1606895833278,
        "stop" : 1606895833282,
        "duration" : 4
      }
    } ]
  }
}