{
  "uid" : "b1a8273437954620fa374b796ffaacdd",
  "name" : "behaviors",
  "children" : [ {
    "name" : "test_param[test_pass_36]",
    "uid" : "8e321d9c64adb140",
    "parentUid" : "b1a8273437954620fa374b796ffaacdd",
    "status" : "passed",
    "time" : {
      "start" : 1606895833138,
      "stop" : 1606895833140,
      "duration" : 2
    },
    "flaky" : false,
    "newFailed" : false,
    "parameters" : [ "[<mtf.core.step.Step object at 0x11c244850>]" ]
  }, {
    "name" : "test_param[test_pass_65]",
    "uid" : "ca25e58cdbc86574",
    "parentUid" : "b1a8273437954620fa374b796ffaacdd",
    "status" : "passed",
    "time" : {
      "start" : 1606895833156,
      "stop" : 1606895833160,
      "duration" : 4
    },
    "flaky" : false,
    "newFailed" : false,
    "parameters" : [ "[<mtf.core.step.Step object at 0x11ca87e50>]" ]
  }, {
    "name" : "test_param[test_pass_94]",
    "uid" : "32412d8392b6fe78",
    "parentUid" : "b1a8273437954620fa374b796ffaacdd",
    "status" : "passed",
    "time" : {
      "start" : 1606895833180,
      "stop" : 1606895833182,
      "duration" : 2
    },
    "flaky" : false,
    "newFailed" : false,
    "parameters" : [ "[<mtf.core.step.Step object at 0x11bf910d0>]" ]
  }, {
    "name" : "test_param[test_pass_139]",
    "uid" : "38e1c73c6de6ee73",
    "parentUid" : "b1a8273437954620fa374b796ffaacdd",
    "status" : "passed",
    "time" : {
      "start" : 1606895833206,
      "stop" : 1606895833209,
      "duration" : 3
    },
    "flaky" : false,
    "newFailed" : false,
    "parameters" : [ "[<mtf.core.step.Step object at 0x11cb1d150>]" ]
  }, {
    "name" : "test_param[test_pass_168]",
    "uid" : "ac1304c878146c5c",
    "parentUid" : "b1a8273437954620fa374b796ffaacdd",
    "status" : "passed",
    "time" : {
      "start" : 1606895833244,
      "stop" : 1606895833248,
      "duration" : 4
    },
    "flaky" : false,
    "newFailed" : false,
    "parameters" : [ "[<mtf.core.step.Step object at 0x11cb1d2d0>]" ]
  }, {
    "name" : "test_param[test_pass_214]",
    "uid" : "892d12c08c7ddb66",
    "parentUid" : "b1a8273437954620fa374b796ffaacdd",
    "status" : "passed",
    "time" : {
      "start" : 1606895833278,
      "stop" : 1606895833282,
      "duration" : 4
    },
    "flaky" : false,
    "newFailed" : false,
    "parameters" : [ "[<mtf.core.step.Step object at 0x11cb1d4d0>]" ]
  } ]
}