{
  "uid" : "83edc06c07f9ae9e47eb6dd1b683e4e2",
  "name" : "packages",
  "children" : [ {
    "name" : "example.suites",
    "children" : [ {
      "name" : "test_demo_basic",
      "children" : [ {
        "name" : "test_param[test_pass_36]",
        "uid" : "8e321d9c64adb140",
        "parentUid" : "f31a67134e6a32934c13e80d258ef873",
        "status" : "passed",
        "time" : {
          "start" : 1606895833138,
          "stop" : 1606895833140,
          "duration" : 2
        },
        "flaky" : false,
        "newFailed" : false,
        "parameters" : [ "[<mtf.core.step.Step object at 0x11c244850>]" ]
      }, {
        "name" : "test_param[test_pass_65]",
        "uid" : "ca25e58cdbc86574",
        "parentUid" : "f31a67134e6a32934c13e80d258ef873",
        "status" : "passed",
        "time" : {
          "start" : 1606895833156,
          "stop" : 1606895833160,
          "duration" : 4
        },
        "flaky" : false,
        "newFailed" : false,
        "parameters" : [ "[<mtf.core.step.Step object at 0x11ca87e50>]" ]
      }, {
        "name" : "test_param[test_pass_94]",
        "uid" : "32412d8392b6fe78",
        "parentUid" : "f31a67134e6a32934c13e80d258ef873",
        "status" : "passed",
        "time" : {
          "start" : 1606895833180,
          "stop" : 1606895833182,
          "duration" : 2
        },
        "flaky" : false,
        "newFailed" : false,
        "parameters" : [ "[<mtf.core.step.Step object at 0x11bf910d0>]" ]
      } ],
      "uid" : "f31a67134e6a32934c13e80d258ef873"
    }, {
      "name" : "subdir.subdir2.test_demo_basic2",
      "children" : [ {
        "name" : "test_param[test_pass_139]",
        "uid" : "38e1c73c6de6ee73",
        "parentUid" : "1847381e5a634fdb2ad74dc694e87e2b",
        "status" : "passed",
        "time" : {
          "start" : 1606895833206,
          "stop" : 1606895833209,
          "duration" : 3
        },
        "flaky" : false,
        "newFailed" : false,
        "parameters" : [ "[<mtf.core.step.Step object at 0x11cb1d150>]" ]
      }, {
        "name" : "test_param[test_pass_168]",
        "uid" : "ac1304c878146c5c",
        "parentUid" : "1847381e5a634fdb2ad74dc694e87e2b",
        "status" : "passed",
        "time" : {
          "start" : 1606895833244,
          "stop" : 1606895833248,
          "duration" : 4
        },
        "flaky" : false,
        "newFailed" : false,
        "parameters" : [ "[<mtf.core.step.Step object at 0x11cb1d2d0>]" ]
      }, {
        "name" : "test_param[test_pass_214]",
        "uid" : "892d12c08c7ddb66",
        "parentUid" : "1847381e5a634fdb2ad74dc694e87e2b",
        "status" : "passed",
        "time" : {
          "start" : 1606895833278,
          "stop" : 1606895833282,
          "duration" : 4
        },
        "flaky" : false,
        "newFailed" : false,
        "parameters" : [ "[<mtf.core.step.Step object at 0x11cb1d4d0>]" ]
      } ],
      "uid" : "subdir.subdir2.test_demo_basic2"
    } ],
    "uid" : "example.suites"
  } ]
}