"Status","Start Time","Stop Time","Duration in ms","Parent Suite","Suite","Sub Suite","Test Class","Test Method","Name","Description"
"passed","Wed Dec 02 15:57:13 CST 2020","Wed Dec 02 15:57:13 CST 2020","4","example.suites.subdir.subdir2","test_demo_basic2","TestCaseDemo","","","test_param[test_pass_168]",""
"passed","Wed Dec 02 15:57:13 CST 2020","Wed Dec 02 15:57:13 CST 2020","4","example.suites","test_demo_basic","TestCaseDemo","","","test_param[test_pass_65]",""
"passed","Wed Dec 02 15:57:13 CST 2020","Wed Dec 02 15:57:13 CST 2020","3","example.suites.subdir.subdir2","test_demo_basic2","TestCaseDemo","","","test_param[test_pass_139]",""
"passed","Wed Dec 02 15:57:13 CST 2020","Wed Dec 02 15:57:13 CST 2020","4","example.suites.subdir.subdir2","test_demo_basic2","TestCaseDemo","","","test_param[test_pass_214]",""
"passed","Wed Dec 02 15:57:13 CST 2020","Wed Dec 02 15:57:13 CST 2020","2","example.suites","test_demo_basic","TestCaseDemo","","","test_param[test_pass_94]",""
"passed","Wed Dec 02 15:57:13 CST 2020","Wed Dec 02 15:57:13 CST 2020","2","example.suites","test_demo_basic","TestCaseDemo","","","test_param[test_pass_36]",""
