{
  "uid" : "98d3104e051c652961429bf95fa0b5d6",
  "name" : "suites",
  "children" : [ {
    "name" : "example.suites",
    "children" : [ {
      "name" : "test_demo_basic",
      "children" : [ {
        "name" : "TestCaseDemo",
        "children" : [ {
          "name" : "test_param[test_pass_36]",
          "uid" : "8e321d9c64adb140",
          "parentUid" : "bf739a5e0700dbec01aecb71d4387054",
          "status" : "passed",
          "time" : {
            "start" : 1606895833138,
            "stop" : 1606895833140,
            "duration" : 2
          },
          "flaky" : false,
          "newFailed" : false,
          "parameters" : [ "[<mtf.core.step.Step object at 0x11c244850>]" ]
        }, {
          "name" : "test_param[test_pass_65]",
          "uid" : "ca25e58cdbc86574",
          "parentUid" : "bf739a5e0700dbec01aecb71d4387054",
          "status" : "passed",
          "time" : {
            "start" : 1606895833156,
            "stop" : 1606895833160,
            "duration" : 4
          },
          "flaky" : false,
          "newFailed" : false,
          "parameters" : [ "[<mtf.core.step.Step object at 0x11ca87e50>]" ]
        }, {
          "name" : "test_param[test_pass_94]",
          "uid" : "32412d8392b6fe78",
          "parentUid" : "bf739a5e0700dbec01aecb71d4387054",
          "status" : "passed",
          "time" : {
            "start" : 1606895833180,
            "stop" : 1606895833182,
            "duration" : 2
          },
          "flaky" : false,
          "newFailed" : false,
          "parameters" : [ "[<mtf.core.step.Step object at 0x11bf910d0>]" ]
        } ],
        "uid" : "bf739a5e0700dbec01aecb71d4387054"
      } ],
      "uid" : "8c42abc36c1830b7ccb37baea51022e2"
    } ],
    "uid" : "75c4a28b20abc8a1316a8523905b9fba"
  }, {
    "name" : "example.suites.subdir.subdir2",
    "children" : [ {
      "name" : "test_demo_basic2",
      "children" : [ {
        "name" : "TestCaseDemo",
        "children" : [ {
          "name" : "test_param[test_pass_139]",
          "uid" : "38e1c73c6de6ee73",
          "parentUid" : "3ec34428a8d365edb17ccbd1ea487c9a",
          "status" : "passed",
          "time" : {
            "start" : 1606895833206,
            "stop" : 1606895833209,
            "duration" : 3
          },
          "flaky" : false,
          "newFailed" : false,
          "parameters" : [ "[<mtf.core.step.Step object at 0x11cb1d150>]" ]
        }, {
          "name" : "test_param[test_pass_168]",
          "uid" : "ac1304c878146c5c",
          "parentUid" : "3ec34428a8d365edb17ccbd1ea487c9a",
          "status" : "passed",
          "time" : {
            "start" : 1606895833244,
            "stop" : 1606895833248,
            "duration" : 4
          },
          "flaky" : false,
          "newFailed" : false,
          "parameters" : [ "[<mtf.core.step.Step object at 0x11cb1d2d0>]" ]
        }, {
          "name" : "test_param[test_pass_214]",
          "uid" : "892d12c08c7ddb66",
          "parentUid" : "3ec34428a8d365edb17ccbd1ea487c9a",
          "status" : "passed",
          "time" : {
            "start" : 1606895833278,
            "stop" : 1606895833282,
            "duration" : 4
          },
          "flaky" : false,
          "newFailed" : false,
          "parameters" : [ "[<mtf.core.step.Step object at 0x11cb1d4d0>]" ]
        } ],
        "uid" : "3ec34428a8d365edb17ccbd1ea487c9a"
      } ],
      "uid" : "b8180b30737dbe2bd3390e9f61a9f005"
    } ],
    "uid" : "4f2f99dfa26c9b9603c0237cb1595779"
  } ]
}